,gene
0,ABCA13
1,ABCB5
2,ABHD16B
3,ACHE
4,ACTB
5,ACTL6B
6,ADAM22
7,ADAP1
8,ADCY1
9,ADCYAP1R1
10,ADRM1
11,AEBP1
12,AGFG2
13,AGMO
14,AGR2
15,AGR3
16,AHR
17,AIMP2
18,AKAP9
19,ALKBH4
20,AMPH
21,AMZ1
22,ANKIB1
23,ANKMY2
24,ANKRD61
25,ANLN
26,AOAH
27,AP1S1
28,AP4M1
29,AP5Z1
30,APCDD1L
31,AQP1
32,ARFGAP1
33,ARFRP1
34,ARL4A
35,ARMC10
36,ARPC1A
37,ARPC1B
38,ASB4
39,ASNS
40,ATXN7L1
41,AVL9
42,AZGP1
43,BAIAP2L1
44,BBS9
45,BET1
46,BHLHA15
47,BHLHE23
48,BIRC7
49,BLVRA
50,BMPER
51,BRAT1
52,BRI3
53,BUD31
54,BZW2
55,C1GALT1
56,C20orf85
57,C7orf25
58,C7orf26
59,C7orf31
60,C7orf50
61,C7orf57
62,C7orf61
63,CABLES2
64,CALCR
65,CAMK2B
66,CARD11
67,CASD1
68,CBX3
69,CCDC126
70,CCDC71L
71,CCM2
72,CCT6A
73,CCZ1
74,CCZ1B
75,CDCA7L
76,CDH26
77,CDH4
78,CDHR3
79,CDK13
80,CDK14
81,CDK6
82,CFAP69
83,CHCHD2
84,CHN2
85,CHRNA4
86,CHST12
87,CLDN12
88,CLDN15
89,CNPY4
90,COA1
91,COBL
92,COL1A2
93,COL20A1
94,COL26A1
95,COL28A1
96,COL9A3
97,COPS6
98,COX19
99,CPSF4
100,CPVL
101,CREB5
102,CRHR2
103,CTCFL
104,CTSZ
105,CUX1
106,CYCS
107,CYP2W1
108,CYP3A4
109,CYP3A43
110,CYP3A5
111,CYP3A7
112,CYP51A1
113,CYTH3
114,DAGLB
115,DBF4
116,DBNL
117,DDC
118,DDX56
119,DGKB
120,DIDO1
121,DLX5
122,DLX6
123,DMTF1
124,DNAAF5
125,DNAH11
126,DNAJC2
127,DNAJC5
128,DPY19L1
129,DYNC1I1
130,EDN3
131,EEF1A2
132,EEPD1
133,EFCAB10
134,EGFR
135,EIF2AK1
136,EIF3B
137,ELFN1
138,ELMO1
139,EPDR1
140,EPHB4
141,EPO
142,ERVW-1
143,ETV1
144,EVX1
145,FAM126A
146,FAM133B
147,FAM185A
148,FAM200A
149,FAM20C
150,FAM217B
151,FAM220A
152,FAM221A
153,FBXL13
154,FBXL18
155,FBXO24
156,FERD3L
157,FIGNL1
158,FIS1
159,FKBP14
160,FKBP9
161,FNDC11
162,FOXK1
163,FSCN1
164,FZD1
165,GAL3ST4
166,GARS
167,GATA5
168,GATAD1
169,GCK
170,GET4
171,GGCT
172,GHRHR
173,GID8
174,GIGYF1
175,GJC3
176,GLCCI1
177,GLI3
178,GMEB2
179,GNA12
180,GNAS
181,GNB2
182,GNG11
183,GNGT1
184,GPC2
185,GPER1
186,GPNMB
187,GPR141
188,GPR146
189,GPR22
190,GRB10
191,GRID2IP
192,GRIFIN
193,GRM3
194,GTPBP10
195,H2AFV
196,HBP1
197,HDAC9
198,HECW1
199,HELZ2
200,HEPACAM2
201,HERPUD2
202,HIBADH
203,HNRNPA2B1
204,HOXA1
205,HOXA10
206,HOXA11
207,HOXA13
208,HOXA2
209,HOXA3
210,HOXA4
211,HOXA5
212,HOXA6
213,HOXA7
214,HOXA9
215,HRH3
216,HUS1
217,ICA1
218,IFT22
219,IGF2BP3
220,IGFBP1
221,IGFBP3
222,IKZF1
223,IL6
224,INHBA
225,INMT
226,INTS1
227,IQCE
228,ISPD
229,ITGB8
230,JAZF1
231,KBTBD2
232,KDELR2
233,KIAA0895
234,KLHL7
235,KMT2E
236,KPNA7
237,KRIT1
238,LAMA5
239,LAMB1
240,LAMB4
241,LAMTOR4
242,LANCL2
243,LFNG
244,LHFPL3
245,LIME1
246,LKAAEAR1
247,LMTK2
248,LRCH4
249,LRRC17
250,LRRC72
251,LRRD1
252,LRWD1
253,LSM14B
254,LSM5
255,MACC1
256,MAD1L1
257,MAFK
258,MALSU1
259,MBLAC1
260,MCM7
261,MDM4
262,MEOX2
263,MEPCE
264,MICALL2
265,MINDY4
266,MIOS
267,MMD2
268,MOGAT3
269,MOSPD3
270,MPLKIP
271,MPP6
272,MRGBP
273,MRM2
274,MRPL32
275,MRPS17
276,MRPS24
277,MTERF1
278,MTG2
279,MTRNR2L3
280,MTRNR2L6
281,MTURN
282,MUC12
283,MUC17
284,MUC3A
285,MYL10
286,MYL7
287,MYO1G
288,NACAD
289,NAMPT
290,NAPEPLD
291,NAT16
292,NDUFA4
293,NELFCD
294,NEUROD6
295,NFE2L3
296,NFE4
297,NKAIN4
298,NME8
299,NOD1
300,NPC1L1
301,NPEPL1
302,NPSR1
303,NPTX2
304,NPVF
305,NPY
306,NRCAM
307,NT5C3A
308,NUDCD3
309,NUDT1
310,NUPL2
311,NUPR2
312,NXPH1
313,NYAP1
314,OCM
315,OCM2
316,OGDH
317,OGFR
318,OR2AE1
319,ORAI2
320,ORC5
321,OSBPL2
322,OSBPL3
323,PAPOLB
324,PCK1
325,PCOLCE
326,PDAP1
327,PDE1C
328,PDGFA
329,PDK4
330,PEG10
331,PEX1
332,PGAM2
333,PHACTR3
334,PHF14
335,PHKG1
336,PIK3C2B
337,PIK3CG
338,PILRA
339,PILRB
340,PKD1L1
341,PLEKHA6
342,PLEKHA8
343,PLOD3
344,PMEPA1
345,PMPCB
346,PMS2
347,POLD2
348,POLM
349,POLR2J
350,POLR2J2
351,POLR2J3
352,POM121L12
353,PON1
354,PON2
355,PON3
356,POP7
357,POU6F2
358,PPDPF
359,PPIA
360,PPP1R15B
361,PPP1R17
362,PPP1R35
363,PPP1R3D
364,PPP1R9A
365,PRKAR1B
366,PRKAR2B
367,PRKRIP1
368,PRPF6
369,PRPS1L1
370,PRR15
371,PRSS1
372,PSMA2
373,PSMA7
374,PSMC2
375,PSMG3
376,PSPH
377,PTCD1
378,PTK6
379,PURB
380,PUS7
381,PVRIG
382,RAB22A
383,RAC1
384,RADIL
385,RAE1
386,RALA
387,RAMP3
388,RAPGEF5
389,RASA4
390,RASA4B
391,RBAK
392,RBBP8NL
393,RBM38
394,RBM48
395,RELN
396,RGS19
397,RINT1
398,RNF216
399,RP9
400,RPA3
401,RPS21
402,RSPH10B
403,RSPH10B2
404,RTEL1
405,SAMD10
406,SAMD9
407,SAMD9L
408,SAP25
409,SCIN
410,SCRN1
411,SDHAF3
412,SDK1
413,SEC61G
414,SEM1
415,SEMA3A
416,SEMA3E
417,SEPT14
418,SEPT7
419,SERPINE1
420,SFRP4
421,SGCE
422,SH2B2
423,SKAP2
424,SLC12A9
425,SLC25A13
426,SLC25A40
427,SLC26A5
428,SLC29A4
429,SLC2A4RG
430,SMURF1
431,SNX10
432,SNX13
433,SNX8
434,SOSTDC1
435,SOX18
436,SP4
437,SP8
438,SPDYE1
439,SPDYE2
440,SPDYE2B
441,SPDYE3
442,SPDYE6
443,SPO11
444,SRI
445,SRMS
446,SRPK2
447,SRRT
448,SS18L1
449,STAG3
450,STARD3NL
451,STEAP1
452,STEAP1B
453,STEAP2
454,STEAP4
455,STK17A
456,STK31
457,STMN3
458,STX16
459,SUGCT
460,SUMF2
461,SUN1
462,SUN3
463,SYCP2
464,SYPL1
465,TAC1
466,TAF6
467,TAX1BP1
468,TBRG4
469,TBX20
470,TCEA2
471,TCFL5
472,TECPR1
473,TFPI2
474,TFR2
475,THSD7A
476,TMED4
477,TMEM106B
478,TMEM130
479,TMEM184A
480,TMEM196
481,TNFRSF6B
482,TNRC18
483,TNS3
484,TOMM7
485,TPD52L2
486,TRA2A
487,TRIL
488,TRIM4
489,TRIM56
490,TRIP6
491,TRRAP
492,TSC22D4
493,TSPAN13
494,TTYH3
495,TUBB1
496,TWIST1
497,TWISTNB
498,UBE2D4
499,UCKL1
500,UFSP1
501,UMAD1
502,UNCX
503,UPP1
504,URGCP
505,USP42
506,VAPB
507,VGF
508,VOPP1
509,VPS41
510,VPS50
511,VSTM2A
512,VWC2
513,VWDE
514,WIPF3
515,WIPI2
516,YKT6
517,YTHDF1
518,ZAN
519,ZBP1
520,ZBTB46
521,ZCWPW1
522,ZDHHC4
523,ZFAND2A
524,ZGPAT
525,ZKSCAN1
526,ZKSCAN5
527,ZMIZ2
528,ZNF12
529,ZNF217
530,ZNF3
531,ZNF316
532,ZNF394
533,ZNF479
534,ZNF512B
535,ZNF655
536,ZNF713
537,ZNF716
538,ZNF789
539,ZNF804B
540,ZNF831
541,ZNF853
542,ZNHIT1
543,ZNRF2
544,ZPBP
545,ZSCAN21
546,ZSCAN25
547,AARD
548,ABRA
549,ADCK5
550,ADCY8
551,ADHFE1
552,AGO2
553,ANGPT1
554,ANKRD46
555,ANXA13
556,ARC
557,ARFGEF1
558,ARHGAP39
559,ARMC1
560,ASAP1
561,ASPH
562,ATAD2
563,ATP6V0D2
564,ATP6V1C1
565,AZIN1
566,BAALC
567,BHLHE22
568,BOP1
569,C8orf31
570,C8orf33
571,C8orf34
572,C8orf37
573,C8orf76
574,C8orf82
575,C8orf87
576,C8orf89
577,CA1
578,CA13
579,CA2
580,CA3
581,CA8
582,CALB1
583,CASC8
584,CASC9
585,CCDC166
586,CCDC26
587,CCNE2
588,CDH17
589,CHD7
590,CHMP4C
591,CHRAC1
592,CNBD1
593,CNGB3
594,COL14A1
595,COL22A1
596,COLEC10
597,COMMD5
598,COPS5
599,COX6C
600,CPA6
601,CPNE3
602,CPQ
603,CPSF1
604,CRH
605,CRISPLD1
606,CSMD3
607,CSPP1
608,CTHRC1
609,CYC1
610,CYHR1
611,CYP11B1
612,CYP11B2
613,CYP7B1
614,DCAF13
615,DCAF4L2
616,DCSTAMP
617,DECR1
618,DENND3
619,DEPTOR
620,DERL1
621,DGAT1
622,DNAJC5B
623,DPY19L4
624,DPYS
625,DSCC1
626,E2F5
627,EBAG9
628,ECT2
629,EEF1D
630,EFR3A
631,EIF3E
632,EIF3H
633,ELOC
634,EMC2
635,ENPP2
636,ENY2
637,EPPK1
638,ERICH5
639,ESRP1
640,EXOSC4
641,EXT1
642,EYA1
643,FABP12
644,FABP4
645,FABP5
646,FABP9
647,FAM135B
648,FAM49B
649,FAM83A
650,FAM83H
651,FAM91A1
652,FAM92A
653,FBXL6
654,FBXO32
655,FBXO43
656,FER1L6
657,FOXH1
658,FSBP
659,FZD6
660,GDAP1
661,GDF6
662,GEM
663,GGH
664,GHSR
665,GLI4
666,GML
667,GPAA1
668,GPIHBP1
669,GPR20
670,GPT
671,GRHL2
672,GRINA
673,GSDMC
674,GSDMD
675,HAS2
676,HEY1
677,HHLA1
678,HNF4G
679,HPYR1
680,HSF1
681,IL7
682,IMPA1
683,INTS8
684,JPH1
685,JRK
686,KCNB2
687,KCNK9
688,KCNQ3
689,KCNS2
690,KCNV1
691,KHDRBS3
692,KIFC2
693,KLF10
694,KLHL38
695,LACTB2
696,LAPTM4B
697,LINC00535
698,LINC00536
699,LINC00861
700,LINC00964
701,LRP12
702,LRRC14
703,LRRC24
704,LRRC6
705,LRRC69
706,LRRCC1
707,LY6D
708,LY6E
709,LY6H
710,LY6K
711,LY96
712,LYNX1
713,LYPD2
714,MAF1
715,MAFA
716,MAL2
717,MAPK15
718,MATN2
719,MCMDC2
720,MED30
721,MFSD3
722,MIR1205
723,MIR1207
724,MIR1208
725,MIR2053
726,MIR30B
727,MIR30D
728,MIR3150B
729,MIR3151
730,MIR3610
731,MIR3686
732,MIR4471
733,MIR4662B
734,MIR4663
735,MIR5194
736,MIR548A3
737,MIR548AA1
738,MIR5680
739,MIR5681A
740,MIR5708
741,MIR599
742,MIR875
743,MMP16
744,MROH1
745,MROH6
746,MRPL13
747,MRPS28
748,MSC
749,MTBP
750,MTDH
751,MTERF3
752,MTFR1
753,MTSS1
754,MYBL1
755,MYC
756,NBN
757,NCALD
758,NCEH1
759,NCOA2
760,NDRG1
761,NDUFAF6
762,NDUFB9
763,NECAB1
764,NIPAL2
765,NKAIN3
766,NKD2
767,NRBP2
768,NSMCE2
769,NUDCD1
770,OC90
771,ODF1
772,OPLAH
773,OSGIN2
774,OSR2
775,OTUD6B
776,OXR1
777,PABPC1
778,PAG1
779,PARP10
780,PCAT1
781,PDE7A
782,PDP1
783,PEX2
784,PHF20L1
785,PI15
786,PKHD1L1
787,PKIA
788,PLEC
789,PLEKHF2
790,PMP2
791,POLR2K
792,POP1
793,POU5F1B
794,PPP1R16A
795,PPP1R42
796,PRDM14
797,PREX2
798,PSCA
799,PSKH2
800,PTDSS1
801,PTK2
802,PTP4A3
803,PUF60
804,PVT1
805,RAD21
806,RAD54B
807,RALYL
808,RBM12B
809,RDH10
810,RECQL4
811,REXO1L10P
812,RGS22
813,RHPN1
814,RIDA
815,RIMS2
816,RIPK2
817,RMDN1
818,RNF139
819,RNF19A
820,RPL30
821,RPL7
822,RPL8
823,RRM2B
824,RRS1
825,RSPO2
826,RUNX1T1
827,SAMD12
828,SBSPON
829,SCRIB
830,SCRT1
831,SDC2
832,SGK3
833,SHARPIN
834,SLA
835,SLC10A5
836,SLC12A7
837,SLC25A32
838,SLC26A7
839,SLC30A8
840,SLC39A4
841,SLC45A4
842,SLC52A2
843,SLC6A18
844,SLC6A19
845,SLC7A13
846,SLCO5A1
847,SLURP1
848,SNORA72
849,SNTB1
850,SNX16
851,SNX31
852,SPAG1
853,SPATA16
854,SPATC1
855,SQLE
856,ST3GAL1
857,STAU2
858,STK3
859,STMN2
860,SULF1
861,SYBU
862,TAF2
863,TATDN1
864,TBC1D31
865,TCF24
866,TERF1
867,TERT
868,TG
869,THEM6
870,TIGD5
871,TMEM249
872,TMEM64
873,TMEM65
874,TMEM67
875,TMEM70
876,TMEM71
877,TMEM74
878,TMEM75
879,TNFRSF11B
880,TNFSF10
881,TONSL
882,TOP1MT
883,TP53INP1
884,TPD52
885,TRAM1
886,TRAPPC9
887,TRHR
888,TRIB1
889,TRIM55
890,TRIQK
891,TRMT12
892,TRPA1
893,TRPS1
894,TSNARE1
895,TSPYL5
896,TSTA3
897,TTPA
898,UBE2W
899,UBR5
900,UQCRB
901,UTP23
902,VCPIP1
903,VPS13B
904,VPS28
905,WASHC5
906,WDYHV1
907,WWP1
908,XKR9
909,YTHDF3
910,YWHAZ
911,ZBTB10
912,ZC2HC1A
913,ZC3H3
914,ZFAND1
915,ZFAT
916,ZFHX4
917,ZFP41
918,ZFPM2
919,ZHX1
920,ZHX2
921,ZNF16
922,ZNF250
923,ZNF251
924,ZNF34
925,ZNF517
926,ZNF572
927,ZNF623
928,ZNF696
929,ZNF7
930,ZNF704
931,ZNF706
932,ZNF707
933,ABCB10
934,ABL2
935,ACBD3
936,ACBD6
937,ACP6
938,ACTA1
939,ACTN2
940,ADAM15
941,ADAMTS4
942,ADAMTSL4
943,ADAR
944,ADCY10
945,ADIPOR1
946,ADORA1
947,ADSS
948,AGT
949,AHCTF1
950,AIDA
951,AIM2
952,ALDH9A1
953,ANGEL2
954,ANGPTL1
955,ANKRD34A
956,ANKRD35
957,ANKRD45
958,ANP32E
959,ANXA9
960,APCS
961,APH1A
962,APOA2
963,APOBEC4
964,AQP10
965,ARF1
966,ARHGAP30
967,ARHGEF11
968,ARHGEF2
969,ARID4B
970,ARL8A
971,ARNT
972,ARPC5
973,ARV1
974,ASCL5
975,ASH1L
976,ASPM
977,ASTN1
978,ATF3
979,ATF6
980,ATP1A2
981,ATP1A4
982,ATP1B1
983,ATP2B4
984,ATP5E
985,ATP8B2
986,AVPR1B
987,AXDND1
988,B3GALNT2
989,B3GALT2
990,B4GALT3
991,BATF3
992,BCAN
993,BCL9
994,BGLAP
995,BLZF1
996,BNIPL
997,BOLA1
998,BPNT1
999,BROX
1000,BTG2
1001,C1orf100
1002,C1orf105
1003,C1orf112
1004,C1orf115
1005,C1orf116
1006,C1orf131
1007,C1orf189
1008,C1orf198
1009,C1orf21
1010,C1orf226
1011,C1orf35
1012,C1orf43
1013,C1orf53
1014,C1orf54
1015,C1orf56
1016,C1orf61
1017,C1orf68
1018,C1orf74
1019,C2CD4D
1020,C4BPA
1021,C4BPB
1022,CA14
1023,CACNA1E
1024,CACNA1S
1025,CACYBP
1026,CADM3
1027,CAMK1G
1028,CAMSAP2
1029,CAPN2
1030,CAPN8
1031,CAPN9
1032,CASQ1
1033,CCDC181
1034,CCSAP
1035,CCT3
1036,CD160
1037,CD1A
1038,CD1B
1039,CD1C
1040,CD1D
1041,CD1E
1042,CD244
1043,CD247
1044,CD34
1045,CD46
1046,CD48
1047,CD55
1048,CD5L
1049,CD84
1050,CDC42BPA
1051,CDC42SE1
1052,CDC73
1053,CDK18
1054,CELF3
1055,CENPF
1056,CENPL
1057,CEP350
1058,CERS2
1059,CFH
1060,CFHR1
1061,CFHR2
1062,CFHR3
1063,CFHR4
1064,CFHR5
1065,CGN
1066,CHD1L
1067,CHI3L1
1068,CHIT1
1069,CHML
1070,CHRM3
1071,CHRNB2
1072,CHTOP
1073,CKS1B
1074,CNIH3
1075,CNIH4
1076,CNST
1077,CNTN2
1078,COA6
1079,COG2
1080,COLGALT2
1081,COPA
1082,COX20
1083,CR1
1084,CR1L
1085,CR2
1086,CRABP2
1087,CRB1
1088,CRCT1
1089,CREB3L4
1090,CREG1
1091,CRNN
1092,CRP
1093,CRTC2
1094,CSRP1
1095,CTSE
1096,CTSK
1097,CTSS
1098,CYB5R1
1099,DAP3
1100,DARS2
1101,DCAF6
1102,DCAF8
1103,DCST1
1104,DCST2
1105,DDR2
1106,DDX59
1107,DEDD
1108,DEGS1
1109,DENND1B
1110,DENND4B
1111,DESI2
1112,DHX9
1113,DISC1
1114,DISP1
1115,DNAH14
1116,DNM3
1117,DPM3
1118,DPT
1119,DSTYK
1120,DTL
1121,DUSP10
1122,DUSP12
1123,DUSP23
1124,DUSP27
1125,DYRK3
1126,ECM1
1127,EDARADD
1128,EDEM3
1129,EFCAB2
1130,EFNA1
1131,EFNA3
1132,EFNA4
1133,EGLN1
1134,EIF2D
1135,ELF3
1136,ELK4
1137,ENAH
1138,ENSA
1139,EPHX1
1140,EPRS
1141,ESRRG
1142,ETNK2
1143,ETV3
1144,ETV3L
1145,EXO1
1146,EXOC8
1147,F11R
1148,F13B
1149,F5
1150,FAM129A
1151,FAM163A
1152,FAM177B
1153,FAM20B
1154,FAM71A
1155,FAM72A
1156,FAM72C
1157,FAM72D
1158,FAM78B
1159,FAM84B
1160,FAM89A
1161,FASLG
1162,FBXO28
1163,FCAMR
1164,FCER1A
1165,FCER1G
1166,FCGR1A
1167,FCGR2A
1168,FCGR2B
1169,FCGR3A
1170,FCGR3B
1171,FCRL1
1172,FCRL2
1173,FCRL3
1174,FCRL4
1175,FCRL5
1176,FCRL6
1177,FCRLA
1178,FCRLB
1179,FDPS
1180,FH
1181,FLAD1
1182,FLG
1183,FLG2
1184,FLVCR1
1185,FMN2
1186,FMO1
1187,FMO2
1188,FMO3
1189,FMO4
1190,FMO5
1191,FMOD
1192,G0S2
1193,GABPB2
1194,GALNT2
1195,GCSAML
1196,GGPS1
1197,GJA5
1198,GJA8
1199,GJC2
1200,GLRX2
1201,GLUL
1202,GNG4
1203,GNPAT
1204,GOLPH3L
1205,GOLT1A
1206,GON4L
1207,GORAB
1208,GPA33
1209,GPATCH2
1210,GPATCH4
1211,GPR137B
1212,GPR161
1213,GPR25
1214,GPR37L1
1215,GPR52
1216,GPR89A
1217,GPR89B
1218,GREM2
1219,GUK1
1220,H3F3A
1221,HAPLN2
1222,HAX1
1223,HDGF
1224,HEATR1
1225,HHAT
1226,HHIPL2
1227,HIST2H2AA3
1228,HIST2H2AA4
1229,HIST2H2AB
1230,HIST2H2AC
1231,HIST2H2BE
1232,HIST2H2BF
1233,HIST2H3A
1234,HIST2H3C
1235,HIST2H3D
1236,HIST2H4A
1237,HIST2H4B
1238,HIST3H2A
1239,HIST3H2BB
1240,HIST3H3
1241,HLX
1242,HMCN1
1243,HNRNPU
1244,HORMAD1
1245,HRNR
1246,HSD11B1
1247,HSD17B7
1248,HSPA6
1249,IARS2
1250,IBA57
1251,IER5
1252,IFI16
1253,IGFN1
1254,IGSF8
1255,IGSF9
1256,IKBKE
1257,IL10
1258,IL19
1259,IL20
1260,IL24
1261,IL6R
1262,ILDR2
1263,ILF2
1264,INSRR
1265,INTS7
1266,IPO9
1267,IQGAP3
1268,IRF2BP2
1269,IRF6
1270,ISG20L2
1271,ITGA10
1272,ITLN1
1273,ITLN2
1274,ITPKB
1275,IVL
1276,IVNS1ABP
1277,JMJD4
1278,JTB
1279,KCNH1
1280,KCNJ10
1281,KCNJ9
1282,KCNK1
1283,KCNK2
1284,KCNN3
1285,KCNT2
1286,KCTD3
1287,KDM5B
1288,KIAA0040
1289,KIAA1614
1290,KIF14
1291,KIF21B
1292,KIFAP3
1293,KISS1
1294,KLHDC8A
1295,KLHDC9
1296,KLHL12
1297,KLHL20
1298,KMO
1299,KPRP
1300,KRTCAP2
1301,LAD1
1302,LAMB3
1303,LAMC1
1304,LAMC2
1305,LAMTOR2
1306,LAX1
1307,LBR
1308,LCE1A
1309,LCE1B
1310,LCE1C
1311,LCE1D
1312,LCE1E
1313,LCE1F
1314,LCE2A
1315,LCE2B
1316,LCE2C
1317,LCE2D
1318,LCE3A
1319,LCE3B
1320,LCE3C
1321,LCE3D
1322,LCE3E
1323,LCE4A
1324,LCE5A
1325,LCE6A
1326,LEFTY1
1327,LEFTY2
1328,LELP1
1329,LEMD1
1330,LENEP
1331,LGALS8
1332,LGR6
1333,LHX4
1334,LHX9
1335,LIN9
1336,LINGO4
1337,LIX1L
1338,LMNA
1339,LMOD1
1340,LMX1A
1341,LOR
1342,LPGAT1
1343,LRRC52
1344,LRRC71
1345,LRRN2
1346,LY9
1347,LYPD8
1348,LYPLAL1
1349,LYSMD1
1350,LYST
1351,MAEL
1352,MAP10
1353,MAP1LC3C
1354,MAPKAPK2
1355,MARC1
1356,MARC2
1357,MARK1
1358,MCL1
1359,MEF2D
1360,METTL11B
1361,METTL13
1362,METTL18
1363,MEX3A
1364,MGST3
1365,MIA3
1366,MIXL1
1367,MLLT11
1368,MNDA
1369,MPC2
1370,MPZ
1371,MPZL1
1372,MR1
1373,MROH9
1374,MRPL24
1375,MRPL55
1376,MRPL9
1377,MRPS14
1378,MRPS21
1379,MSTO1
1380,MT1HL1
1381,MTMR11
1382,MTR
1383,MUC1
1384,MYBPH
1385,MYOC
1386,MYOG
1387,NAV1
1388,NBPF10
1389,NBPF11
1390,NBPF12
1391,NBPF14
1392,NBPF15
1393,NBPF20
1394,NBPF9
1395,NCF2
1396,NCSTN
1397,NDUFS2
1398,NEK2
1399,NEK7
1400,NENF
1401,NES
1402,NFASC
1403,NHLH1
1404,NID1
1405,NIT1
1406,NLRP3
1407,NME7
1408,NMNAT2
1409,NOS1AP
1410,NOV
1411,NPHS2
1412,NPL
1413,NPR1
1414,NR1I3
1415,NR5A2
1416,NSL1
1417,NTPCR
1418,NTRK1
1419,NUAK2
1420,NUCKS1
1421,NUDT17
1422,NUF2
1423,NUP133
1424,NUP210L
1425,NVL
1426,OAZ3
1427,OBSCN
1428,OCLM
1429,OLFML2B
1430,OPN3
1431,OPTC
1432,OR10J1
1433,OR10J3
1434,OR10J5
1435,OR10K1
1436,OR10K2
1437,OR10R2
1438,OR10T2
1439,OR10Z1
1440,OR11L1
1441,OR13G1
1442,OR14A16
1443,OR14A2
1444,OR14C36
1445,OR14I1
1446,OR14K1
1447,OR1C1
1448,OR2AJ1
1449,OR2AK2
1450,OR2B11
1451,OR2C3
1452,OR2G2
1453,OR2G3
1454,OR2G6
1455,OR2L13
1456,OR2L2
1457,OR2L3
1458,OR2L5
1459,OR2M2
1460,OR2M3
1461,OR2M4
1462,OR2M5
1463,OR2M7
1464,OR2T10
1465,OR2T12
1466,OR2T27
1467,OR2T29
1468,OR2T33
1469,OR2T34
1470,OR2T35
1471,OR2T8
1472,OR2W3
1473,OR6F1
1474,OR6K2
1475,OR6K3
1476,OR6K6
1477,OR6N1
1478,OR6N2
1479,OR6P1
1480,OR6Y1
1481,OTUD7B
1482,PAPPA2
1483,PAQR6
1484,PARP1
1485,PBX1
1486,PBXIP1
1487,PCP4L1
1488,PDC
1489,PDE4DIP
1490,PDZK1
1491,PEA15
1492,PEAR1
1493,PEX11B
1494,PEX19
1495,PFDN2
1496,PFKFB2
1497,PGBD2
1498,PGBD5
1499,PGLYRP3
1500,PGLYRP4
1501,PHLDA3
1502,PI4KB
1503,PIAS3
1504,PIGC
1505,PIGM
1506,PIGR
1507,PIP5K1A
1508,PKP1
1509,PLA2G4A
1510,PLD5
1511,PLEKHO1
1512,PLXNA2
1513,PM20D1
1514,PMF1
1515,PMVK
1516,POGK
1517,POGZ
1518,POLR3C
1519,POLR3GL
1520,POU2F1
1521,PPFIA4
1522,PPIAL4C
1523,PPIAL4G
1524,PPOX
1525,PPP1R12B
1526,PPP2R5A
1527,PRCC
1528,PRDX6
1529,PRELP
1530,PRG4
1531,PRKAB2
1532,PROX1
1533,PRPF3
1534,PRR9
1535,PRRC2C
1536,PRRX1
1537,PRSS38
1538,PSEN2
1539,PSMB4
1540,PSMD4
1541,PTGS2
1542,PTPN14
1543,PTPN7
1544,PYCR2
1545,PYCRL
1546,PYGO2
1547,PYHIN1
1548,QSOX1
1549,RAB13
1550,RAB25
1551,RAB3GAP2
1552,RAB4A
1553,RABGAP1L
1554,RABIF
1555,RALGPS2
1556,RASAL2
1557,RASSF5
1558,RBBP5
1559,RBM34
1560,RBM8A
1561,RC3H1
1562,RCOR3
1563,RCSD1
1564,RD3
1565,REN
1566,RFX5
1567,RGL1
1568,RGS1
1569,RGS13
1570,RGS16
1571,RGS18
1572,RGS2
1573,RGS21
1574,RGS4
1575,RGS5
1576,RGS7
1577,RGS8
1578,RGSL1
1579,RHBG
1580,RHOU
1581,RIIAD1
1582,RIT1
1583,RNASEL
1584,RNF115
1585,RNF187
1586,RNF2
1587,RNPEP
1588,RORC
1589,RPRD2
1590,RPS27
1591,RPS6KC1
1592,RPTN
1593,RRNAD1
1594,RRP15
1595,RUSC1
1596,RXFP4
1597,RXRG
1598,RYR2
1599,S100A1
1600,S100A10
1601,S100A11
1602,S100A12
1603,S100A13
1604,S100A14
1605,S100A16
1606,S100A2
1607,S100A3
1608,S100A4
1609,S100A5
1610,S100A6
1611,S100A7
1612,S100A7A
1613,S100A7L2
1614,S100A8
1615,S100A9
1616,SCCPDH
1617,SCNM1
1618,SCYL3
1619,SDE2
1620,SDHC
1621,SEC16B
1622,SELE
1623,SELENBP1
1624,SELL
1625,SELP
1626,SEMA4A
1627,SEMA6C
1628,SERPINC1
1629,SERTAD4
1630,SETDB1
1631,SF3B4
1632,SFT2D2
1633,SH2D1B
1634,SH2D2A
1635,SH3BP5L
1636,SHC1
1637,SHCBP1L
1638,SHE
1639,SHISA4
1640,SIPA1L2
1641,SLAMF1
1642,SLAMF6
1643,SLAMF7
1644,SLAMF8
1645,SLAMF9
1646,SLC19A2
1647,SLC25A44
1648,SLC26A9
1649,SLC30A1
1650,SLC30A10
1651,SLC35F3
1652,SLC39A1
1653,SLC41A1
1654,SLC45A3
1655,SLC50A1
1656,SLC9C2
1657,SMCP
1658,SMG5
1659,SMG7
1660,SMYD2
1661,SMYD3
1662,SNAP47
1663,SNAPIN
1664,SNRPE
1665,SNX27
1666,SOAT1
1667,SOX13
1668,SPATA17
1669,SPHAR
1670,SPRR1A
1671,SPRR1B
1672,SPRR2A
1673,SPRR2B
1674,SPRR2D
1675,SPRR2E
1676,SPRR2F
1677,SPRR2G
1678,SPRR3
1679,SPRR4
1680,SPRTN
1681,SPTA1
1682,SRGAP2
1683,SRGAP2B
1684,SRP9
1685,SSR2
1686,STX6
1687,SUCO
1688,SUSD4
1689,SV2A
1690,SWT1
1691,SYT11
1692,SYT14
1693,SYT2
1694,TADA1
1695,TAF1A
1696,TAF5L
1697,TAGLN2
1698,TARBP1
1699,TARS2
1700,TATDN3
1701,TBCE
1702,TBX19
1703,TCHH
1704,TCHHL1
1705,TDRD10
1706,TDRD5
1707,TDRKH
1708,TEDDM1
1709,TEX35
1710,TFB2M
1711,TGFB2
1712,THBS3
1713,THEM4
1714,THEM5
1715,TIMM17A
1716,TIPRL
1717,TLR5
1718,TMCC2
1719,TMCO1
1720,TMEM183A
1721,TMEM206
1722,TMEM63A
1723,TMEM79
1724,TMEM81
1725,TMEM9
1726,TMOD4
1727,TNFAIP8L2
1728,TNFSF18
1729,TNFSF4
1730,TNN
1731,TNNI1
1732,TNNT2
1733,TNR
1734,TOMM20
1735,TOMM40L
1736,TOR1AIP1
1737,TOR1AIP2
1738,TOR3A
1739,TP53BP2
1740,TPM3
1741,TPR
1742,TRAF3IP3
1743,TRAF5
1744,TRIM11
1745,TRIM17
1746,TRIM46
1747,TRIM58
1748,TRIM67
1749,TRMT1L
1750,TROVE2
1751,TSACC
1752,TSEN15
1753,TSNAX
1754,TSTD1
1755,TTC13
1756,TTC24
1757,TUFT1
1758,TXNIP
1759,UAP1
1760,UBAP2L
1761,UBE2Q1
1762,UBE2T
1763,UBQLN4
1764,UCHL5
1765,UCK2
1766,UFC1
1767,UHMK1
1768,URB2
1769,USF1
1770,USH2A
1771,USP21
1772,VAMP4
1773,VANGL2
1774,VASH2
1775,VHLL
1776,VPS45
1777,VPS72
1778,VSIG8
1779,WDR26
1780,WDR64
1781,WISP1
1782,WNT3A
1783,WNT9A
1784,XCL1
1785,XCL2
1786,XPR1
1787,YOD1
1788,YY1AP1
1789,ZBED6
1790,ZBTB18
1791,ZBTB37
1792,ZBTB41
1793,ZBTB7B
1794,ZC3H11A
1795,ZNF124
1796,ZNF281
1797,ZNF496
1798,ZNF648
1799,ZNF669
1800,ZNF670
1801,ZNF672
1802,ZNF678
1803,ZNF687
1804,ZNF692
1805,ZNF695
1806,ZP4
1807,SNORA25
1808,SNORA26
1809,SNORD112
1810,U3
1811,snoU13
